create table EMP(
    EMPNO number(4) NOT NULL,
    ENAME VARCHAR2(10),
    JOB VARCHAR2(9),
    MGR NUMBER(4),
    HIREDATE DATE,
    SAL NUMBER(7,2),
    COMM NUMBER(7,2),
    DEPTNO NUMBER(2)
);

INSERT INTO EMP VALUES
        (7369, 'SMITH',  'CLERK',     7902,
        TO_DATE('17-DEC-1980', 'DD-MON-YYYY','NLS_DATE_LANGUAGE=AMERICAN'),  800, NULL, 20);
INSERT INTO EMP VALUES
        (7499, 'ALLEN',  'SALESMAN',  7698,
        TO_DATE('20-FEB-1981', 'DD-MON-YYYY','NLS_DATE_LANGUAGE=AMERICAN'), 1600,  300, 30);
INSERT INTO EMP VALUES
        (7521, 'WARD',   'SALESMAN',  7698,
        TO_DATE('22-FEB-1981', 'DD-MON-YYYY','NLS_DATE_LANGUAGE=AMERICAN'), 1250,  500, 30);
INSERT INTO EMP VALUES
        (7566, 'JONES',  'MANAGER',   7839,
        TO_DATE('2-APR-1981', 'DD-MON-YYYY','NLS_DATE_LANGUAGE=AMERICAN'),  2975, NULL, 20);
INSERT INTO EMP VALUES
        (7654, 'MARTIN', 'SALESMAN',  7698,
        TO_DATE('28-SEP-1981', 'DD-MON-YYYY','NLS_DATE_LANGUAGE=AMERICAN'), 1250, 1400, 30);
INSERT INTO EMP VALUES
        (7698, 'BLAKE',  'MANAGER',   7839,
        TO_DATE('1-MAY-1981', 'DD-MON-YYYY','NLS_DATE_LANGUAGE=AMERICAN'),  2850, NULL, 30);
INSERT INTO EMP VALUES
        (7782, 'CLARK',  'MANAGER',   7839,
        TO_DATE('9-JUN-1981', 'DD-MON-YYYY','NLS_DATE_LANGUAGE=AMERICAN'),  2450, NULL, 10);
INSERT INTO EMP VALUES
        (7788, 'SCOTT',  'ANALYST',   7566,
        TO_DATE('09-DEC-1982', 'DD-MON-YYYY','NLS_DATE_LANGUAGE=AMERICAN'), 3000, NULL, 20);
INSERT INTO EMP VALUES
        (7839, 'KING',   'PRESIDENT', NULL,
        TO_DATE('17-NOV-1981', 'DD-MON-YYYY','NLS_DATE_LANGUAGE=AMERICAN'), 5000, NULL, 10);
INSERT INTO EMP VALUES
        (7844, 'TURNER', 'SALESMAN',  7698,
        TO_DATE('8-SEP-1981', 'DD-MON-YYYY','NLS_DATE_LANGUAGE=AMERICAN'),  1500, NULL, 30);
INSERT INTO EMP VALUES
        (7876, 'ADAMS',  'CLERK',     7788,
        TO_DATE('12-JAN-1983', 'DD-MON-YYYY','NLS_DATE_LANGUAGE=AMERICAN'), 1100, NULL, 20);
INSERT INTO EMP VALUES
        (7900, 'JAMES',  'CLERK',     7698,
        TO_DATE('3-DEC-1981', 'DD-MON-YYYY','NLS_DATE_LANGUAGE=AMERICAN'),   950, NULL, 30);
INSERT INTO EMP VALUES
        (7902, 'FORD',   'ANALYST',   7566,
        TO_DATE('3-DEC-1981', 'DD-MON-YYYY','NLS_DATE_LANGUAGE=AMERICAN'),  3000, NULL, 20);
INSERT INTO EMP VALUES
        (7934, 'MILLER', 'CLERK',     7782,
        TO_DATE('23-JAN-1982', 'DD-MON-YYYY','NLS_DATE_LANGUAGE=AMERICAN'), 1300, NULL, 10);


create table DEPT(
    DEPTNO NUMBER(2) NOT NULL,
    DNAME VARCHAR2(14),
    LOC VARCHAR2(13)
);

INSERT INTO DEPT VALUES (10, 'ACCOUNTING', 'NEW YORK');
INSERT INTO DEPT VALUES (20, 'RESEARCH',   'DALLAS');
INSERT INTO DEPT VALUES (30, 'SALES',      'CHICAGO');
INSERT INTO DEPT VALUES (40, 'OPERATIONS', 'BOSTON');


CREATE TABLE SALGRADE
        (GRADE NUMBER,
         LOSAL NUMBER,
         HISAL NUMBER);
         
INSERT INTO SALGRADE VALUES (1,  700, 1200);
INSERT INTO SALGRADE VALUES (2, 1201, 1400);
INSERT INTO SALGRADE VALUES (3, 1401, 2000);
INSERT INTO SALGRADE VALUES (4, 2001, 3000);
INSERT INTO SALGRADE VALUES (5, 3001, 9999);


CREATE TABLE DUMMY(DUMMY NUMBER);
INSERT INTO DUMMY VALUES (0);

COMMIT;

SELECT DEPTNO 부서번호,
       DNAME 부서명,
       LOC 부서위치
FROM DEPT;

select EMPNO 사원번호,
       ENAME 사원이름,
       JOB 업무명,
       MGR 상사번호,
       HIREDATE 입사일,
       SAL 급여,
       COMM 커미션,
       DEPTNO 부서번호
FROM EMP;

select *
FROM EMP;

SELECT DISTINCT JOB
FROM EMP;

SELECT DISTINCT DEPTNO
FROM DEPT;

SELECT EMPNO, ENAME, SAL
FROM EMP
WHERE SAL >=3000;

SELECT *
FROM EMP
WHERE DEPTNO = 10;

SELECT DEPTNO, ENAME, SAL
FROM EMP
WHERE SAL<2000;

SELECT EMPNO, ENAME, JOB
FROM EMP
WHERE ENAME = 'MILLER';

SELECT ENAME, HIREDATE
FROM EMP
WHERE HIREDATE >= '2000/01/01';

SELECT ENAME, SAL
FROM EMP
WHERE SAL >= 1000 AND SAL<=3000;

SELECT ENAME, EMPNO, JOB
FROM EMP
WHERE EMPNO=7844 OR EMPNO=7654 OR EMPNO=7521;

SELECT ENAME
FROM EMP
WHERE NOT JOB = 'MANAGER';

SELECT 24*60*60
FROM DEPT;

SELECT 24*60*60
FROM DUAL;  

SELECT DEPTNO, SUM(SAL)
FROM EMP
GROUP BY DEPTNO
HAVING DEPTNO = 30;

SELECT ENAME, LOWER(ENAME)
FROM EMP;

SELECT SUM(SAL)
FROM EMP;

SELECT COUNT(COMM)
FROM EMP;

SELECT COUNT(*), COUNT(COMM)
FROM EMP;

SELECT COUNT(*), COUNT(DISTINCT JOB)
FROM EMP;

SELECT DEPTNO, ENAME, SAL
FROM EMP;

SELECT DEPTNO
FROM EMP
GROUP BY DEPTNO;

SELECT DEPTNO, SUM(SAL), AVG(SAL)
FROM EMP
GROUP BY DEPTNO;

select EMPNO, ENAME, SAL
FROM EMP
WHERE DEPTNO=10;

SELECT ENAME, HIREDATE, DEPTNO
FROM EMP
WHERE EMPNO=7639;

SELECT *
FROM EMP
WHERE ENAME='ALLEN';

SELECT ENAME, DEPTNO, SAL
FROM EMP
WHERE HIREDATE='83/01/12';

SELECT *
FROM EMP
WHERE JOB !='MANAGER';

SELECT *
FROM EMP
WHERE HIREDATE<'81/12/09';

SELECT ENAME, SAL, DEPTNO
FROM EMP
WHERE SAL>=800;

SELECT *
FROM EMP
WHERE DEPTNO>=20;

SELECT *
FROM EMP
WHERE ENAME LIKE 'K%';

SELECT EMPNO, ENAME
FROM EMP
WHERE EMPNO<=7698;

SELECT ENAME, SAL, DEPTNO
FROM EMP
WHERE HIREDATE<'81/04/02' AND HIREDATE>'82/12/09';

SELECT D.DEPTNO, D.DNAME, E.ENAME, E.SAL
FROM DEPT D, EMP E;

SELECT E.ENAME, D.DNAME
FROM DEPT D, EMP E
WHERE E.ENAME = 'ALLEN';

SELECT E.ENAME, D.DNAME, E.SAL, E.JOB
FROM DEPT D, EMP E
WHERE E.DEPTNO = D.DEPTNO
    AND E.JOB = (SELECT JOB
                 FROM EMP
                 WHERE ENAME = 'ALLEN');
                 
SELECT E.EMPNO, E.ENAME, E.HIREDATE, E.SAL,E.DEPTNO, D.DEPTNO
FROM DEPT D, EMP E
WHERE D.DEPTNO = (SELECT DEPTNO
                  FROM EMP
                  WHERE ENAME='JONES');

SELECT E.EMPNO, E.ENAME, E.HIREDATE, E.SAL,E.DEPTNO
FROM EMP E
WHERE E.DEPTNO = (SELECT DEPTNO
                  FROM EMP
                  WHERE ENAME='JONES');

SELECT E.EMPNO, E.ENAME, D.DNAME, E.HIREDATE, D.LOC, E.SAL
FROM DEPT D, EMP E
WHERE E.SAL > (SELECT AVG(SAL)
                FROM EMP);
                
SELECT E.DEPTNO, D.DEPTNO
FROM DEPT D, EMP E;

SELECT *
FROM DEPT;

SELECT *
FROM EMP;

